"Path","Platform","Compiled","Cooked","Permutations","Compiletime","CompiledDouble","CookedDouble"
"Globals","0","33","0","1","0.000000","0","0"
"/ControlRig/Controls/ControlRigGizmoMaterial.ControlRigGizmoMaterial","0","2","2","1","4.440777","0","2"
"/Engine/EditorMaterials/PhAT_UnselectedMaterial.PhAT_UnselectedMaterial","0","3","3","1","2.829891","0","3"
"/Engine/EditorMaterials/PhAT_NoCollisionMaterial.PhAT_NoCollisionMaterial","0","3","3","1","1.369543","0","3"
"/MeshModelingToolset/Materials/M_DynamicMeshComponentVtxColor.M_DynamicMeshComponentVtxColor","0","7","9","1","12.545257","0","9"
"/Engine/EngineMaterials/DefaultPostProcessMaterial.DefaultPostProcessMaterial","0","7","7","1","4.567177","0","7"
"/Engine/EngineMaterials/DefaultDeferredDecalMaterial.DefaultDeferredDecalMaterial","0","33","33","1","38.903702","0","33"
"/Engine/EngineMaterials/GizmoMaterial.GizmoMaterial","0","5","6","1","9.370167","0","6"
"/Engine/EngineDebugMaterials/DebugMeshMaterial.DebugMeshMaterial","0","5","5","1","8.507214","0","5"
"/Engine/EngineMaterials/RemoveSurfaceMaterial.RemoveSurfaceMaterial","0","2","2","1","6.455276","0","2"
"/Engine/EngineMaterials/NaniteHiddenSectionMaterial.NaniteHiddenSectionMaterial","0","12","14","1","18.475979","0","14"
"/Engine/VREditor/TransformGizmo/TranslucentTransformGizmoMaterial.TranslucentTransformGizmoMaterial","0","3","3","1","1.160378","0","3"
"/Paper2D/DefaultSpriteMaterial.DefaultSpriteMaterial","0","36","42","2","44.045547","0","42"
"/Engine/EngineSky/VolumetricClouds/m_SimpleVolumetricCloud.m_SimpleVolumetricCloud","0","88","88","1","788.243713","0","88"
"/InterchangeAssets/gltf/M_Default.M_Default","0","165","192","6","442.202881","0","192"
"/Engine/EngineMaterials/Widget3DPassThrough.Widget3DPassThrough","0","41","46","6","53.815063","0","46"
"/ControlRig/Controls/ControlRigXRayMaterial.ControlRigXRayMaterial","0","6","7","1","5.754265","0","7"
"/HairStrands/Materials/HairMeshesDefaultMaterial.HairMeshesDefaultMaterial","0","33","36","1","37.156872","0","36"
"/HairStrands/Materials/HairCardsDefaultMaterial.HairCardsDefaultMaterial","0","57","63","1","64.615288","0","63"
"/SpeedTreeImporter/SpeedTree9/SpeedTreeMaster.SpeedTreeMaster","0","28","32","1","63.392273","0","32"
"/HairStrands/Materials/HairDefaultMaterial.HairDefaultMaterial","0","33","36","1","0.000000","0","36"
"/Engine/EditorLandscapeResources/SplineEditorMeshMat.SplineEditorMeshMat","0","10","12","1","16.703407","0","12"
"/Engine/EngineDebugMaterials/M_SimpleUnlitTranslucent.M_SimpleUnlitTranslucent","0","3","3","1","1.431492","0","3"
"/Engine/VREditor/TransformGizmo/Xray.Xray","0","3","3","1","2.471495","0","3"
"/Engine/VREditor/TransformGizmo/Main.Main","0","3","3","1","1.660719","0","3"
"/Engine/EngineSky/M_SimpleSkyDome.M_SimpleSkyDome","0","2","2","1","2.745396","0","2"
"/Engine/EngineSky/M_Sky_Panning_Clouds2.M_Sky_Panning_Clouds2","0","2","2","1","2.062363","0","2"
"/Game/LevelPrototyping/Materials/M_Solid.M_Solid","0","6","6","1","7.802920","0","6"
"/InterchangeAssets/gltf/M_Unlit.M_Unlit","0","82","92","6","91.219147","0","92"
"/Game/LevelPrototyping/Materials/M_PrototypeGrid.M_PrototypeGrid","0","9","9","3","11.849322","0","9"
"/Game/Wood_Monster/Base/Materials/M_BaseComplex.M_BaseComplex","0","42","48","1","57.556900","0","48"
"/Game/Wood_Monster/Base/Materials/M_Base.M_Base","0","84","96","2","96.426559","0","96"
"/InterchangeAssets/gltf/M_Sheen.M_Sheen","0","102","112","6","193.165863","0","112"
"/InterchangeAssets/gltf/M_SpecularGlossiness.M_SpecularGlossiness","0","102","112","6","236.662842","0","112"
"/InterchangeAssets/gltf/M_Transmission.M_Transmission","0","28","28","2","388.694733","0","28"
"/InterchangeAssets/gltf/M_ClearCoat.M_ClearCoat","0","110","128","6","246.219727","0","128"
"/Engine/EditorMaterials/Dataflow/DataflowTwoSidedVertexMaterial.DataflowTwoSidedVertexMaterial","0","12","14","1","18.798882","0","14"
"/Engine/EditorMaterials/Dataflow/DataflowVertexMaterial.DataflowVertexMaterial","0","6","6","1","5.346406","0","6"
"/Engine/BasicShapes/BasicShapeMaterial.BasicShapeMaterial","0","9","9","1","9.834566","0","9"
"/Engine/EngineDebugMaterials/DebugEditorMaterial.DebugEditorMaterial","0","5","6","1","5.455208","0","6"
"/SpeedTreeImporter/SpeedTree9/SpeedTreeBillboardMaster.SpeedTreeBillboardMaster","0","28","32","1","53.158180","0","32"
"/Engine/EngineMaterials/PPM_DefaultCalibrationColor.PPM_DefaultCalibrationColor","0","5","5","1","2.576372","0","5"
"/Engine/EngineMaterials/PPM_DefaultCalibrationGrayscale.PPM_DefaultCalibrationGrayscale","0","5","5","1","1.721319","0","5"
"/Engine/EngineMaterials/FlattenMaterial_WS_Normal_VT.FlattenMaterial_WS_Normal_VT","0","6","6","1","9.225995","0","6"
"/Engine/EngineMaterials/FlattenMaterial_VT.FlattenMaterial_VT","0","6","6","1","5.525651","0","6"
"/Engine/EngineMaterials/M_InvalidLightmapSettings.M_InvalidLightmapSettings","0","6","6","1","6.966114","0","6"
"/Engine/EngineMaterials/EmissiveMeshMaterial.EmissiveMeshMaterial","0","10","10","1","10.998613","0","10"
"/Engine/EditorMaterials/Camera/CineMat.CineMat","0","6","6","1","6.950091","0","6"
"/Engine/EngineMaterials/PhAT_JointLimitMaterial.PhAT_JointLimitMaterial","0","6","7","1","8.603579","0","7"
"/Engine/EngineMaterials/DefaultLightFunctionMaterial.DefaultLightFunctionMaterial","0","25","25","1","14.639398","0","25"
"/Engine/EngineMaterials/FlattenMaterial.FlattenMaterial","0","9","9","1","3.780042","0","9"
"/Engine/EngineDebugMaterials/M_VolumeRenderSphereTracePP.M_VolumeRenderSphereTracePP","0","5","5","1","2.792059","0","5"
"/ControlRig/M_Manip.M_Manip","0","6","7","1","6.890240","0","7"
"/AudioWidgets/AudioMaterialSlate/M_AudioMaterialRoundedSlider.M_AudioMaterialRoundedSlider","0","23","25","1","38.381672","0","25"
"/AudioWidgets/AudioMaterialSlate/M_AudioMaterialToggleButton.M_AudioMaterialToggleButton","0","13","13","1","16.183403","0","13"
"/Engine/EditorMaterials/PreviewShadowIndicatorMaterial.PreviewShadowIndicatorMaterial","0","25","25","1","23.607048","0","25"
"/Engine/VREditor/SnapGrid/SnapGridMaterial.SnapGridMaterial","0","10","10","1","13.537403","0","10"
"/AudioWidgets/AudioMaterialSlate/M_AudioMaterialMeter.M_AudioMaterialMeter","0","13","13","1","9.871384","0","13"
"/AudioWidgets/AudioMaterialSlate/M_AudioMaterialKnob.M_AudioMaterialKnob","0","13","13","1","12.092199","0","13"
"/AudioWidgets/AudioMaterialSlate/M_AudioMaterialEnvelope_ADSR.M_AudioMaterialEnvelope_ADSR","0","23","25","1","37.914715","0","25"
"/Engine/EngineMaterials/DefaultTextMaterialOpaque.DefaultTextMaterialOpaque","0","14","16","1","30.969103","0","16"
"/Engine/VREditor/TransformGizmo/TransformGizmoMaterial.TransformGizmoMaterial","0","2","2","1","9.716800","0","2"
"/HairStrands/Materials/HairDebugMaterial.HairDebugMaterial","0","57","63","1","317.879486","0","63"
"/Engine/EngineMaterials/DefaultMaterial.DefaultMaterial","0","24","24","1","121.486519","0","24"
"/Engine/EngineMaterials/WorldGridMaterial.WorldGridMaterial","0","333","0","1","0.000000","0","0"
"Globals","49","10300","0","1","0.000000","0","0"
"/ControlRig/Controls/ControlRigGizmoMaterial.ControlRigGizmoMaterial","49","7","7","1","4.208829","0","7"
"","49","64","0","1","0.000000","65","0"
"/Engine/EditorMaterials/PhAT_UnselectedMaterial.PhAT_UnselectedMaterial","49","8","8","1","6.392900","0","8"
"/MeshModelingToolset/Materials/M_DynamicMeshComponentVtxColor.M_DynamicMeshComponentVtxColor","49","12","14","1","30.492069","0","14"
"/Engine/EditorMaterials/PhAT_NoCollisionMaterial.PhAT_NoCollisionMaterial","49","8","8","1","15.446195","0","8"
"/Engine/EngineDebugMaterials/DebugMeshMaterial.DebugMeshMaterial","49","10","10","1","14.719934","0","10"
"/Engine/EngineMaterials/NaniteHiddenSectionMaterial.NaniteHiddenSectionMaterial","49","19","21","1","22.783972","0","21"
"/Engine/EngineMaterials/GizmoMaterial.GizmoMaterial","49","10","11","1","6.162591","0","11"
"/Engine/EngineMaterials/RemoveSurfaceMaterial.RemoveSurfaceMaterial","49","7","7","1","5.023859","0","7"
"/Engine/BasicShapes/BasicShapeMaterial.BasicShapeMaterial","49","27","27","1","29.962793","0","27"
"/Engine/EditorMaterials/Dataflow/DataflowTwoSidedVertexMaterial.DataflowTwoSidedVertexMaterial","49","17","19","1","13.844014","0","19"
"/Engine/EditorMaterials/Dataflow/DataflowVertexMaterial.DataflowVertexMaterial","49","11","11","1","6.763203","0","11"
"/HairStrands/Materials/HairMeshesDefaultMaterial.HairMeshesDefaultMaterial","49","42","45","1","28.023626","0","45"
"/ControlRig/Controls/ControlRigXRayMaterial.ControlRigXRayMaterial","49","11","12","1","9.200909","0","12"
"/Engine/EngineDebugMaterials/DebugEditorMaterial.DebugEditorMaterial","49","10","11","1","11.680204","0","11"
"/HairStrands/Materials/HairDefaultMaterial.HairDefaultMaterial","49","42","45","1","0.000000","0","45"
"/Engine/EditorLandscapeResources/SplineEditorMeshMat.SplineEditorMeshMat","49","22","24","1","26.161337","0","24"
"/Engine/EngineDebugMaterials/M_SimpleUnlitTranslucent.M_SimpleUnlitTranslucent","49","8","8","1","1.945832","0","8"
"/HairStrands/Materials/HairCardsDefaultMaterial.HairCardsDefaultMaterial","49","72","78","1","61.328053","0","78"
"/Engine/VREditor/TransformGizmo/Xray.Xray","49","8","8","1","2.820705","0","8"
"/Engine/VREditor/TransformGizmo/Main.Main","49","8","8","1","2.631632","0","8"
"/Engine/EngineMaterials/DefaultLightFunctionMaterial.DefaultLightFunctionMaterial","49","67","67","1","40.814934","0","67"
"/Engine/EditorMaterials/Camera/CineMat.CineMat","49","14","14","1","10.679302","0","14"
"/Engine/VREditor/TransformGizmo/TranslucentTransformGizmoMaterial.TranslucentTransformGizmoMaterial","49","8","8","1","6.896469","0","8"
"/Engine/EngineMaterials/FlattenMaterial_WS_Normal_VT.FlattenMaterial_WS_Normal_VT","49","16","16","1","30.574434","0","16"
"/Engine/EngineMaterials/FlattenMaterial.FlattenMaterial","49","22","22","1","33.444065","0","22"
"/Engine/EngineMaterials/EmissiveMeshMaterial.EmissiveMeshMaterial","49","17","17","1","15.763379","0","17"
"/Engine/EngineMaterials/FlattenMaterial_VT.FlattenMaterial_VT","49","16","16","1","15.494589","0","16"
"/Engine/EngineMaterials/M_InvalidLightmapSettings.M_InvalidLightmapSettings","49","16","16","1","10.572135","0","16"
"/Engine/EngineMaterials/PhAT_JointLimitMaterial.PhAT_JointLimitMaterial","49","11","12","1","11.807702","0","12"
"/ControlRig/M_Manip.M_Manip","49","11","12","1","9.940960","0","12"
"/Engine/EngineDebugMaterials/M_VolumeRenderSphereTracePP.M_VolumeRenderSphereTracePP","49","7","7","1","1.295947","0","7"
"/HairStrands/Materials/HairDebugMaterial.HairDebugMaterial","49","72","78","1","78.757317","0","78"
"/Engine/VREditor/TransformGizmo/TransformGizmoMaterial.TransformGizmoMaterial","49","7","7","1","7.453241","0","7"
"/Engine/EngineMaterials/Widget3DPassThrough.Widget3DPassThrough","49","75","80","6","42.691307","0","80"
"/Engine/EngineMaterials/WorldGridMaterial.WorldGridMaterial","49","993","1016","1","1887.863525","0","0"
"/Paper2D/DefaultSpriteMaterial.DefaultSpriteMaterial","49","56","62","2","40.454605","0","62"
"/Engine/EngineMaterials/DefaultPostProcessMaterial.DefaultPostProcessMaterial","49","9","9","1","5.916139","0","9"
"/Engine/EngineMaterials/DefaultDeferredDecalMaterial.DefaultDeferredDecalMaterial","49","40","40","1","31.973680","0","40"
"/Engine/EngineSky/VolumetricClouds/m_SimpleVolumetricCloud.m_SimpleVolumetricCloud","49","92","92","1","0.000000","0","92"
"/Engine/EngineMaterials/DefaultTextMaterialOpaque.DefaultTextMaterialOpaque","49","21","23","1","9.299239","0","23"
"/AudioWidgets/AudioMaterialSlate/M_AudioMaterialEnvelope_ADSR.M_AudioMaterialEnvelope_ADSR","49","27","29","1","27.237223","0","29"
"/AudioWidgets/AudioMaterialSlate/M_AudioMaterialKnob.M_AudioMaterialKnob","49","15","15","1","10.122585","0","15"
"/AudioWidgets/AudioMaterialSlate/M_AudioMaterialToggleButton.M_AudioMaterialToggleButton","49","15","15","1","9.319545","0","15"
"/Engine/VREditor/SnapGrid/SnapGridMaterial.SnapGridMaterial","49","18","18","1","20.888367","0","18"
"/AudioWidgets/AudioMaterialSlate/M_AudioMaterialMeter.M_AudioMaterialMeter","49","15","15","1","10.202438","0","15"
"/AudioWidgets/AudioMaterialSlate/M_AudioMaterialRoundedSlider.M_AudioMaterialRoundedSlider","49","27","29","1","21.345749","0","29"
"/Engine/EditorMaterials/PreviewShadowIndicatorMaterial.PreviewShadowIndicatorMaterial","49","67","67","1","36.966892","0","67"
"/Engine/EngineMaterials/PPM_DefaultCalibrationColor.PPM_DefaultCalibrationColor","49","7","7","1","4.273927","0","7"
"/Engine/EngineMaterials/PPM_DefaultCalibrationGrayscale.PPM_DefaultCalibrationGrayscale","49","7","7","1","4.317837","0","7"
"/Engine/EngineMaterials/DefaultMaterial.DefaultMaterial","49","45","45","1","23.082315","0","45"
"/InterchangeAssets/gltf/M_Unlit.M_Unlit","49","202","212","6","323.928711","0","212"
"/SpeedTreeImporter/SpeedTree9/SpeedTreeBillboardMaster.SpeedTreeBillboardMaster","49","42","46","1","42.633663","0","46"
"/SpeedTreeImporter/SpeedTree9/SpeedTreeMaster.SpeedTreeMaster","49","42","46","1","43.800053","0","46"
"/Game/Wood_Monster/Base/Materials/M_BaseComplex.M_BaseComplex","49","53","59","1","26.743193","0","59"
"/Game/Wood_Monster/Base/Materials/M_Base.M_Base","49","106","118","2","47.252659","0","118"
"/InterchangeAssets/gltf/M_Sheen.M_Sheen","49","156","166","6","135.922882","0","166"
"/InterchangeAssets/gltf/M_SpecularGlossiness.M_SpecularGlossiness","49","156","166","6","143.355988","0","166"
"/InterchangeAssets/gltf/M_Transmission.M_Transmission","49","54","54","2","115.775772","0","54"
"/InterchangeAssets/gltf/M_Default.M_Default","49","331","358","6","434.357452","0","358"
"/InterchangeAssets/gltf/M_ClearCoat.M_ClearCoat","49","164","182","6","141.254303","0","182"
"/Engine/EngineSky/M_SimpleSkyDome.M_SimpleSkyDome","49","7","7","1","2.343473","0","7"
"/Engine/EngineSky/M_Sky_Panning_Clouds2.M_Sky_Panning_Clouds2","49","7","7","1","2.247107","0","7"
"/Game/LevelPrototyping/Materials/M_Solid.M_Solid","49","11","11","1","4.991332","0","11"
"/Game/LevelPrototyping/Materials/M_PrototypeGrid.M_PrototypeGrid","49","24","24","3","10.359653","0","24"
